연결 ID,보내는 필드,받는 단계,받는 쪽 필드 또는 용도,쓰이는 방식,한 줄 설명,필수,방향,근거
IF-01-001,01,04,용도: 도출 질문 열두 개의 답을 찾는 입력,판단 입력,목표를 이루거나 영향받는 사람을 찾는 데 쓴다,예,순행,"SA-05, 단계 정의 04"
IF-01-002,01,04,04.액터목록.주요 목표,근거 인용,액터의 주요 목표가 어떤 목표와 이어지는지 근거 칸에 인용한다,아니오,순행,"SA-05, 단계 정의 04"
IF-01-003,01,04,04.이해관계자.이해관계자,판단 입력,이해관계자의 기대에 나온 사람이나 조직을 이해관계자 표의 출발점으로 쓴다,아니오,순행,"SA-05, 단계 정의 04"
IF-02-001,02,04,용도: 범위에 든 영역과 플랫폼마다 쓰는 사람을 찾는 입력,판단 입력,범위에 든 영역과 플랫폼을 쓰거나 운영하는 사람을 찾는 데 쓴다,예,순행,"SA-05, 단계 정의 04"
IF-02-002,02,04,04.도출질문.AQ-05 대리·위임,근거 인용,범위 밖으로 둔 사용자 유형을 해당 액터를 두지 않는 근거로 인용한다,아니오,순행,"SA-05, 단계 정의 04"
IF-03-001,03,04,용도: 사용자 조사에 나온 사람의 유형을 후보로 확인하는 입력,판단 입력,사용자 조사와 인사이트에 나온 사람의 유형을 후보에서 놓치지 않는 데 쓴다,아니오,순행,"SA-05, 단계 정의 04"
IF-04-001,04.도출질문.AQ-01 직접 이용,최종 소비자 없음,해당 없음,해당 없음,도출 과정의 기록이며 확정된 액터는 액터 목록에 담긴다,해당 없음,해당 없음,DL-04-007
IF-04-002,04.도출질문.AQ-02 가치 제공,최종 소비자 없음,해당 없음,해당 없음,도출 과정의 기록이며 확정된 액터는 액터 목록에 담긴다,해당 없음,해당 없음,DL-04-007
IF-04-003,04.도출질문.AQ-03 비용 부담,최종 소비자 없음,해당 없음,해당 없음,도출 과정의 기록이며 확정된 액터는 액터 목록에 담긴다,해당 없음,해당 없음,DL-04-007
IF-04-004,04.도출질문.AQ-04 소속,최종 소비자 없음,해당 없음,해당 없음,도출 과정의 기록이며 확정된 액터는 액터 목록에 담긴다,해당 없음,해당 없음,DL-04-007
IF-04-005,04.도출질문.AQ-05 대리·위임,최종 소비자 없음,해당 없음,해당 없음,도출 과정의 기록이며 확정된 액터는 액터 목록에 담긴다,해당 없음,해당 없음,DL-04-007
IF-04-006,04.도출질문.AQ-06 운영·지원,최종 소비자 없음,해당 없음,해당 없음,도출 과정의 기록이며 확정된 액터는 액터 목록에 담긴다,해당 없음,해당 없음,DL-04-007
IF-04-007,04.도출질문.AQ-07 현장·실행,최종 소비자 없음,해당 없음,해당 없음,도출 과정의 기록이며 확정된 액터는 액터 목록에 담긴다,해당 없음,해당 없음,DL-04-007
IF-04-008,04.도출질문.AQ-08 외부 연동,최종 소비자 없음,해당 없음,해당 없음,도출 과정의 기록이며 확정된 액터는 액터 목록에 담긴다,해당 없음,해당 없음,DL-04-007
IF-04-009,04.도출질문.AQ-09 감독·열람,최종 소비자 없음,해당 없음,해당 없음,도출 과정의 기록이며 확정된 액터는 액터 목록에 담긴다,해당 없음,해당 없음,DL-04-007
IF-04-010,04.도출질문.AQ-10 영향받는 제3자,최종 소비자 없음,해당 없음,해당 없음,도출 과정의 기록이며 확정된 액터는 액터 목록에 담긴다,해당 없음,해당 없음,DL-04-007
IF-04-011,04.도출질문.AQ-11 상태 변형,최종 소비자 없음,해당 없음,해당 없음,도출 과정의 기록이며 확정된 액터는 액터 목록에 담긴다,해당 없음,해당 없음,DL-04-007
IF-04-012,04.도출질문.AQ-12 개방 질문,최종 소비자 없음,해당 없음,해당 없음,도출 과정의 기록이며 확정된 액터는 액터 목록에 담긴다,해당 없음,해당 없음,DL-04-007
IF-04-013,04.후보정리.ID,최종 소비자 없음,해당 없음,해당 없음,액터 목록으로 정리되기 전의 후보라 뒤 단계가 쓰지 않는다,해당 없음,해당 없음,DL-04-007
IF-04-014,04.후보정리.후보 이름,최종 소비자 없음,해당 없음,해당 없음,액터 목록으로 정리되기 전의 후보라 뒤 단계가 쓰지 않는다,해당 없음,해당 없음,DL-04-007
IF-04-015,04.후보정리.한 줄 설명,최종 소비자 없음,해당 없음,해당 없음,액터 목록으로 정리되기 전의 후보라 뒤 단계가 쓰지 않는다,해당 없음,해당 없음,DL-04-007
IF-04-016,04.후보정리.출처 질문,최종 소비자 없음,해당 없음,해당 없음,액터 목록으로 정리되기 전의 후보라 뒤 단계가 쓰지 않는다,해당 없음,해당 없음,DL-04-007
IF-04-017,04.후보정리.근거,최종 소비자 없음,해당 없음,해당 없음,액터 목록으로 정리되기 전의 후보라 뒤 단계가 쓰지 않는다,해당 없음,해당 없음,DL-04-007
IF-04-018,04.판정.후보 ID,최종 소비자 없음,해당 없음,해당 없음,판정 과정의 기록이며 확정된 액터는 액터 목록에 담긴다,해당 없음,해당 없음,DL-04-007
IF-04-019,04.판정.판정,최종 소비자 없음,해당 없음,해당 없음,판정 과정의 기록이며 확정된 액터는 액터 목록에 담긴다,해당 없음,해당 없음,DL-04-007
IF-04-020,04.판정.병합 대상 또는 보낼 곳,05,05,판단 입력,사람이 아니라고 제외한 후보 중 시스템이나 시간을 비사람 액터에서 확인하는 데 쓴다,아니오,순행,추정: 가정
IF-04-021,04.판정.사유,최종 소비자 없음,해당 없음,해당 없음,판정 과정의 기록이며 확정된 액터는 액터 목록에 담긴다,해당 없음,해당 없음,DL-04-007
IF-04-022,04.판정.근거,최종 소비자 없음,해당 없음,해당 없음,판정 과정의 기록이며 확정된 액터는 액터 목록에 담긴다,해당 없음,해당 없음,DL-04-007
IF-04-023,04.액터목록.ID,06,06,축(행·열),액터 ID를 매트릭스의 행으로 쓴다,예,순행,"SA-07, 단계 정의 06"
IF-04-024,04.액터목록.ID,07,07,참조(ID),목표 목록의 액터 칸에서 액터 ID를 참조한다,예,순행,단계 정의 07
IF-04-025,04.액터목록.ID,08,08,참조(ID),목표를 여러 액터가 같은 방식으로 하는지 가릴 때 액터 ID를 참조한다,예,순행,"SA-07, 단계 정의 08"
IF-04-026,04.액터목록.ID,15,15,축(행·열),액터 ID를 권한 매트릭스의 축으로 쓴다,예,순행,"SA-07, 단계 정의 15"
IF-04-027,04.액터목록.ID,26,26,참조(ID),운영 업무를 맡는 액터를 가리킬 때 액터 ID를 참조한다,예,순행,"SA-07, 단계 정의 26"
IF-04-028,04.액터목록.ID,35,35,참조(ID),역할별 리뷰의 대상 역할을 가리킬 때 액터 ID를 참조한다,아니오,순행,추정: 가정
IF-04-029,04.액터목록.ID,03,03,판단 입력,액터마다 조사 대상이 있는지 확인하는 데 쓴다,아니오,환류,SA-26
IF-04-030,04.액터목록.액터,최종 소비자 없음,해당 없음,해당 없음,뒤 단계는 액터 ID로 참조하고 이름은 읽는 사람을 위한 표시다,해당 없음,해당 없음,DL-04-007
IF-04-031,04.액터목록.설명,최종 소비자 없음,해당 없음,해당 없음,읽는 사람을 위한 설명이며 뒤 단계가 값으로 쓰지 않는다,해당 없음,해당 없음,DL-04-007
IF-04-032,04.액터목록.유형,26,26,판단 입력,운영·지원 유형의 액터를 골라 운영 업무와 도구를 도출하는 데 쓴다,예,순행,"SA-07, 단계 정의 26"
IF-04-033,04.액터목록.유형,15,15,판단 입력,유형별로 권한의 범주를 나누는 데 쓴다,아니오,순행,추정: 가정
IF-04-034,04.액터목록.접근 방식,15,15,제약,접근 방식이 액터가 가질 수 있는 권한의 전제가 된다,예,순행,추정: 가정
IF-04-035,04.액터목록.계정 관계,15,15,제약,역할 전환 관계의 액터는 같은 계정에서 권한을 합산할지 정하는 전제가 된다,예,순행,추정: 가정
IF-04-036,04.액터목록.소속 경계,15,15,제약,소속 범위에 따라 권한 범위를 나눌 때 쓴다,아니오,순행,추정: 가정
IF-04-037,04.액터목록.주요 목표,07,07,판단 입력,액터가 이루려는 목표를 목표 목록의 출발점으로 쓴다,아니오,순행,추정: 가정
IF-04-038,04.액터목록.근거,최종 소비자 없음,해당 없음,해당 없음,이 산출물의 출처를 밝히는 칸이며 뒤 단계가 값으로 쓰지 않는다,해당 없음,해당 없음,DL-04-007
IF-04-039,04.액터관계.관계 ID,최종 소비자 없음,해당 없음,해당 없음,이 표 안의 식별자이며 뒤 단계가 참조하지 않는다,해당 없음,해당 없음,DL-04-007
IF-04-040,04.액터관계.액터 A,15,15,참조(ID),관계의 한쪽 액터를 가리킬 때 쓴다,아니오,순행,단계 정의 15
IF-04-041,04.액터관계.액터 B,15,15,참조(ID),관계의 다른 쪽 액터를 가리킬 때 쓴다,아니오,순행,단계 정의 15
IF-04-042,04.액터관계.관계 유형,15,15,판단 입력,위임·승인·포함 같은 관계를 권한과 승인 규칙에 반영하는 데 쓴다,아니오,순행,단계 정의 15
IF-04-043,04.액터관계.조건·제한,15,15,판단 입력,관계가 성립하는 범위를 규칙의 조건으로 옮기는 데 쓴다,아니오,순행,추정: 가정
IF-04-044,04.액터관계.근거,최종 소비자 없음,해당 없음,해당 없음,이 산출물의 출처를 밝히는 칸이며 뒤 단계가 값으로 쓰지 않는다,해당 없음,해당 없음,DL-04-007
IF-04-045,04.상태변형.상태,15,15,판단 입력,상태 속성으로 판정한 상태를 사용자 상태별 제한 표에 반영하는 데 쓴다,아니오,순행,단계 정의 15
IF-04-046,04.상태변형.대상 액터,15,15,참조(ID),상태 변형이 적용되는 액터를 가리킬 때 쓴다,아니오,순행,단계 정의 15
IF-04-047,04.상태변형.판정,15,15,판단 입력,상태 속성으로 판정한 것만 사용자 상태별 제한 표에 반영한다,아니오,순행,추정: 가정
IF-04-048,04.상태변형.근거,최종 소비자 없음,해당 없음,해당 없음,이 산출물의 출처를 밝히는 칸이며 뒤 단계가 값으로 쓰지 않는다,해당 없음,해당 없음,DL-04-007
IF-04-049,04.이해관계자.이해관계자,02,02,판단 입력,범위와 제약을 정하는 데 관여하는 이해관계자를 확인하는 데 쓴다,아니오,환류,SA-28
IF-04-050,04.이해관계자.이해관계자,36,36,판단 입력,우선순위와 릴리스 결정에 관여하는 이해관계자를 확인하는 데 쓴다,아니오,순행,SA-28
IF-04-051,04.이해관계자.서비스에 미치는 영향,36,36,판단 입력,이해관계자의 영향을 우선순위 판단의 입력으로 쓴다,아니오,순행,SA-28
IF-04-052,04.이해관계자.근거,최종 소비자 없음,해당 없음,해당 없음,이 산출물의 출처를 밝히는 칸이며 뒤 단계가 값으로 쓰지 않는다,해당 없음,해당 없음,DL-04-007
